{
  "prepare_queue": {
    "installed": [],
    "uninstalled": []
  },
  "config_munge": {
    "files": {
      "config.xml": {
        "parents": {
          "/*": [
            {
              "xml": "<feature name=\"Clipboard\"><param name=\"ios-package\" value=\"CDVClipboard\" /></feature>",
              "count": 1
            },
            {
              "xml": "<feature name=\"Device\"><param name=\"ios-package\" value=\"CDVDevice\" /></feature>",
              "count": 1
            },
            {
              "xml": "<feature name=\"SplashScreen\"><param name=\"ios-package\" value=\"CDVSplashScreen\" /><param name=\"onload\" value=\"true\" /></feature>",
              "count": 1
            },
            {
              "xml": "<feature name=\"IonicDeploy\"><param name=\"ios-package\" onload=\"true\" value=\"IonicDeploy\" /></feature>",
              "count": 1
            },
            {
              "xml": "<feature name=\"IonicCordovaCommon\"><param name=\"ios-package\" onload=\"true\" value=\"IonicCordovaCommon\" /></feature>",
              "count": 1
            },
            {
              "xml": "<feature name=\"Keyboard\"><param name=\"ios-package\" onload=\"true\" value=\"CDVIonicKeyboard\" /></feature>",
              "count": 1
            },
            {
              "xml": "<allow-navigation href=\"http://localhost:8080/*\" />",
              "count": 1
            },
            {
              "xml": "<feature name=\"CDVWKWebViewEngine\"><param name=\"ios-package\" value=\"CDVWKWebViewEngine\" /></feature>",
              "count": 1
            },
            {
              "xml": "<preference name=\"CordovaWebViewEngine\" value=\"CDVWKWebViewEngine\" />",
              "count": 1
            },
            {
              "xml": "<feature name=\"QRScanner\"><param name=\"ios-package\" value=\"QRScanner\" /></feature>",
              "count": 1
            },
            {
              "xml": "<feature name=\"SQLitePlugin\"><param name=\"ios-package\" value=\"SQLitePlugin\" /></feature>",
              "count": 1
            },
            {
              "xml": "<feature name=\"BarcodeScanner\"><param name=\"ios-package\" value=\"CDVBarcodeScanner\" /></feature>",
              "count": 1
            },
            {
              "xml": "<feature name=\"Camera\"><param name=\"ios-package\" value=\"CDVCamera\" /></feature>",
              "count": 1
            },
            {
              "xml": "<preference name=\"CameraUsesGeolocation\" value=\"false\" />",
              "count": 1
            }
          ]
        }
      },
      "*-Info.plist": {
        "parents": {
          "IonAppId": [
            {
              "xml": "<string>0bfc7f4b</string>",
              "count": 1
            }
          ],
          "IonDebug": [
            {
              "xml": "<string>true</string>",
              "count": 1
            }
          ],
          "IonChannelName": [
            {
              "xml": "<string>Production</string>",
              "count": 1
            }
          ],
          "IonApi": [
            {
              "xml": "<string>https://api.ionicjs.com</string>",
              "count": 1
            }
          ],
          "IonUpdateMethod": [
            {
              "xml": "<string>auto</string>",
              "count": 1
            }
          ],
          "IonMaxVersions": [
            {
              "xml": "<string>2</string>",
              "count": 1
            }
          ],
          "NSCameraUsageDescription": [
            {
              "xml": "<string>The camera is used to scan QR codes.</string>",
              "count": 1
            }
          ]
        }
      }
    }
  },
  "installed_plugins": {
    "cordova-clipboard": {
      "PACKAGE_NAME": "io.ionic.starter"
    },
    "cordova-plugin-compat": {
      "PACKAGE_NAME": "io.ionic.starter"
    },
    "cordova-plugin-device": {
      "PACKAGE_NAME": "io.ionic.starter"
    },
    "cordova-plugin-splashscreen": {
      "PACKAGE_NAME": "io.ionic.starter"
    },
    "cordova-plugin-ionic": {
      "APP_ID": "0bfc7f4b",
      "CHANNEL_NAME": "Production",
      "WARN_DEBUG": "true",
      "UPDATE_API": "https://api.ionicjs.com",
      "UPDATE_METHOD": "auto",
      "MAX_STORE": "2",
      "PACKAGE_NAME": "io.ionic.starter"
    },
    "cordova-plugin-ionic-keyboard": {
      "PACKAGE_NAME": "io.ionic.starter"
    },
    "cordova-plugin-ionic-webview": {
      "PACKAGE_NAME": "io.ionic.starter"
    },
    "cordova-plugin-swift-support": {
      "PACKAGE_NAME": "io.ionic.starter"
    },
    "cordova-plugin-qrscanner": {
      "PACKAGE_NAME": "io.ionic.starter"
    },
    "cordova-plugin-whitelist": {
      "PACKAGE_NAME": "io.ionic.starter"
    },
    "cordova-sqlite-storage": {
      "PACKAGE_NAME": "io.ionic.starter"
    },
    "phonegap-plugin-barcodescanner": {
      "PACKAGE_NAME": "io.ionic.starter"
    },
    "cordova-plugin-camera": {
      "PACKAGE_NAME": "io.ionic.starter"
    }
  },
  "dependent_plugins": {},
  "modules": [
    {
      "id": "cordova-clipboard.Clipboard",
      "file": "plugins/cordova-clipboard/www/clipboard.js",
      "pluginId": "cordova-clipboard",
      "clobbers": [
        "cordova.plugins.clipboard"
      ]
    },
    {
      "id": "cordova-plugin-device.device",
      "file": "plugins/cordova-plugin-device/www/device.js",
      "pluginId": "cordova-plugin-device",
      "clobbers": [
        "device"
      ]
    },
    {
      "id": "cordova-plugin-splashscreen.SplashScreen",
      "file": "plugins/cordova-plugin-splashscreen/www/splashscreen.js",
      "pluginId": "cordova-plugin-splashscreen",
      "clobbers": [
        "navigator.splashscreen"
      ]
    },
    {
      "id": "cordova-plugin-ionic.common",
      "file": "plugins/cordova-plugin-ionic/www/common.js",
      "pluginId": "cordova-plugin-ionic",
      "clobbers": [
        "IonicCordova"
      ],
      "runs": true
    },
    {
      "id": "cordova-plugin-ionic-keyboard.keyboard",
      "file": "plugins/cordova-plugin-ionic-keyboard/www/ios/keyboard.js",
      "pluginId": "cordova-plugin-ionic-keyboard",
      "clobbers": [
        "window.Keyboard"
      ]
    },
    {
      "id": "cordova-plugin-ionic-webview.ios-wkwebview-exec",
      "file": "plugins/cordova-plugin-ionic-webview/src/www/ios/ios-wkwebview-exec.js",
      "pluginId": "cordova-plugin-ionic-webview",
      "clobbers": [
        "cordova.exec"
      ]
    },
    {
      "id": "cordova-plugin-qrscanner.QRScanner",
      "file": "plugins/cordova-plugin-qrscanner/www/www.min.js",
      "pluginId": "cordova-plugin-qrscanner",
      "clobbers": [
        "QRScanner"
      ]
    },
    {
      "id": "cordova-sqlite-storage.SQLitePlugin",
      "file": "plugins/cordova-sqlite-storage/www/SQLitePlugin.js",
      "pluginId": "cordova-sqlite-storage",
      "clobbers": [
        "SQLitePlugin"
      ]
    },
    {
      "id": "phonegap-plugin-barcodescanner.BarcodeScanner",
      "file": "plugins/phonegap-plugin-barcodescanner/www/barcodescanner.js",
      "pluginId": "phonegap-plugin-barcodescanner",
      "clobbers": [
        "cordova.plugins.barcodeScanner"
      ]
    },
    {
      "id": "cordova-plugin-camera.Camera",
      "file": "plugins/cordova-plugin-camera/www/CameraConstants.js",
      "pluginId": "cordova-plugin-camera",
      "clobbers": [
        "Camera"
      ]
    },
    {
      "id": "cordova-plugin-camera.CameraPopoverOptions",
      "file": "plugins/cordova-plugin-camera/www/CameraPopoverOptions.js",
      "pluginId": "cordova-plugin-camera",
      "clobbers": [
        "CameraPopoverOptions"
      ]
    },
    {
      "id": "cordova-plugin-camera.camera",
      "file": "plugins/cordova-plugin-camera/www/Camera.js",
      "pluginId": "cordova-plugin-camera",
      "clobbers": [
        "navigator.camera"
      ]
    },
    {
      "id": "cordova-plugin-camera.CameraPopoverHandle",
      "file": "plugins/cordova-plugin-camera/www/ios/CameraPopoverHandle.js",
      "pluginId": "cordova-plugin-camera",
      "clobbers": [
        "CameraPopoverHandle"
      ]
    }
  ],
  "plugin_metadata": {
    "cordova-clipboard": "1.2.1",
    "cordova-plugin-compat": "1.2.0",
    "cordova-plugin-device": "2.0.2",
    "cordova-plugin-splashscreen": "5.0.2",
    "cordova-plugin-ionic": "4.1.7",
    "cordova-plugin-ionic-keyboard": "2.0.5",
    "cordova-plugin-ionic-webview": "1.1.19",
    "cordova-plugin-swift-support": "3.1.1",
    "cordova-plugin-qrscanner": "2.5.0",
    "cordova-plugin-whitelist": "1.3.3",
    "cordova-sqlite-storage": "2.3.1",
    "phonegap-plugin-barcodescanner": "7.1.2",
    "cordova-plugin-camera": "4.0.3"
  }
}