{
  "prepare_queue": {
    "installed": [],
    "uninstalled": []
  },
  "config_munge": {
    "files": {
      "res/xml/config.xml": {
        "parents": {
          "/*": [
            {
              "xml": "<feature name=\"Clipboard\"><param name=\"android-package\" value=\"com.verso.cordova.clipboard.Clipboard\" /></feature>",
              "count": 1
            },
            {
              "xml": "<feature name=\"Device\"><param name=\"android-package\" value=\"org.apache.cordova.device.Device\" /></feature>",
              "count": 1
            },
            {
              "xml": "<feature name=\"SplashScreen\"><param name=\"android-package\" value=\"org.apache.cordova.splashscreen.SplashScreen\" /><param name=\"onload\" value=\"true\" /></feature>",
              "count": 1
            },
            {
              "xml": "<feature name=\"QRScanner\"><param name=\"android-package\" value=\"com.bitpay.cordova.qrscanner.QRScanner\" /></feature>",
              "count": 1
            },
            {
              "xml": "<feature name=\"Whitelist\"><param name=\"android-package\" value=\"org.apache.cordova.whitelist.WhitelistPlugin\" /><param name=\"onload\" value=\"true\" /></feature>",
              "count": 1
            },
            {
              "xml": "<feature name=\"SQLitePlugin\"><param name=\"android-package\" value=\"io.sqlc.SQLitePlugin\" /></feature>",
              "count": 1
            },
            {
              "xml": "<feature name=\"BarcodeScanner\"><param name=\"android-package\" value=\"com.phonegap.plugins.barcodescanner.BarcodeScanner\" /></feature>",
              "count": 1
            },
            {
              "xml": "<feature name=\"Camera\"><param name=\"android-package\" value=\"org.apache.cordova.camera.CameraLauncher\" /></feature>",
              "count": 1
            }
          ]
        }
      },
      "config.xml": {
        "parents": {
          "/*": [
            {
              "xml": "<feature name=\"IonicCordovaCommon\"><param name=\"android-package\" onload=\"true\" value=\"com.ionicframework.common.IonicCordovaCommon\" /></feature>",
              "count": 1
            },
            {
              "xml": "<feature name=\"IonicDeploy\"><param name=\"android-package\" value=\"com.ionicframework.deploy.IonicDeploy\" /><param name=\"onload\" value=\"true\" /></feature>",
              "count": 1
            },
            {
              "xml": "<feature name=\"Keyboard\"><param name=\"android-package\" onload=\"true\" value=\"io.ionic.keyboard.IonicKeyboard\" /></feature>",
              "count": 1
            }
          ]
        }
      },
      "res/values/strings.xml": {
        "parents": {
          "/resources": [
            {
              "xml": "<string name=\"ionic_app_id\">0bfc7f4b</string>",
              "count": 1
            },
            {
              "xml": "<string name=\"ionic_debug\">true</string>",
              "count": 1
            },
            {
              "xml": "<string name=\"ionic_channel_name\">Production</string>",
              "count": 1
            },
            {
              "xml": "<string name=\"ionic_update_api\">https://api.ionicjs.com</string>",
              "count": 1
            },
            {
              "xml": "<string name=\"ionic_update_method\">auto</string>",
              "count": 1
            },
            {
              "xml": "<string name=\"ionic_max_versions\">2</string>",
              "count": 1
            }
          ]
        }
      },
      "AndroidManifest.xml": {
        "parents": {
          "/*": [
            {
              "xml": "<uses-permission android:name=\"android.permission.CAMERA\" android:required=\"false\" />",
              "count": 1
            },
            {
              "xml": "<uses-feature android:name=\"android.hardware.camera\" android:required=\"false\" />",
              "count": 1
            },
            {
              "xml": "<uses-feature android:name=\"android.hardware.camera.front\" android:required=\"false\" />",
              "count": 1
            },
            {
              "xml": "<uses-permission android:name=\"android.permission.WRITE_EXTERNAL_STORAGE\" />",
              "count": 1
            }
          ],
          "/manifest/application": [
            {
              "xml": "<activity android:clearTaskOnLaunch=\"true\" android:configChanges=\"orientation|keyboardHidden|screenSize\" android:exported=\"false\" android:name=\"com.google.zxing.client.android.CaptureActivity\" android:theme=\"@android:style/Theme.NoTitleBar.Fullscreen\" android:windowSoftInputMode=\"stateAlwaysHidden\" />",
              "count": 1
            },
            {
              "xml": "<activity android:label=\"Share\" android:name=\"com.google.zxing.client.android.encode.EncodeActivity\" />",
              "count": 1
            }
          ],
          "/manifest": [
            {
              "xml": "<uses-permission android:name=\"android.permission.CAMERA\" />",
              "count": 1
            },
            {
              "xml": "<uses-permission android:name=\"android.permission.FLASHLIGHT\" />",
              "count": 1
            },
            {
              "xml": "<uses-feature android:name=\"android.hardware.camera\" android:required=\"true\" />",
              "count": 1
            }
          ],
          "application": [
            {
              "xml": "<provider android:authorities=\"${applicationId}.provider\" android:exported=\"false\" android:grantUriPermissions=\"true\" android:name=\"org.apache.cordova.camera.FileProvider\"><meta-data android:name=\"android.support.FILE_PROVIDER_PATHS\" android:resource=\"@xml/camera_provider_paths\" /></provider>",
              "count": 1
            }
          ]
        }
      }
    }
  },
  "installed_plugins": {
    "cordova-clipboard": {
      "PACKAGE_NAME": "io.ionic.starter"
    },
    "cordova-plugin-device": {
      "PACKAGE_NAME": "io.ionic.starter"
    },
    "cordova-plugin-splashscreen": {
      "PACKAGE_NAME": "io.ionic.starter"
    },
    "cordova-plugin-ionic": {
      "APP_ID": "0bfc7f4b",
      "CHANNEL_NAME": "Production",
      "WARN_DEBUG": "true",
      "UPDATE_API": "https://api.ionicjs.com",
      "UPDATE_METHOD": "auto",
      "MAX_STORE": "2",
      "PACKAGE_NAME": "io.ionic.starter"
    },
    "cordova-plugin-ionic-keyboard": {
      "PACKAGE_NAME": "io.ionic.starter"
    },
    "cordova-plugin-ionic-webview": {
      "PACKAGE_NAME": "io.ionic.starter"
    },
    "cordova-plugin-qrscanner": {
      "PACKAGE_NAME": "io.ionic.starter"
    },
    "cordova-plugin-swift-support": {
      "PACKAGE_NAME": "io.ionic.starter"
    },
    "cordova-plugin-whitelist": {
      "PACKAGE_NAME": "io.ionic.starter"
    },
    "cordova-sqlite-storage": {
      "PACKAGE_NAME": "io.ionic.starter"
    },
    "phonegap-plugin-barcodescanner": {
      "ANDROID_SUPPORT_V4_VERSION": "27.+",
      "PACKAGE_NAME": "io.ionic.starter"
    },
    "cordova-plugin-camera": {
      "PACKAGE_NAME": "io.ionic.starter"
    }
  },
  "dependent_plugins": {},
  "modules": [
    {
      "id": "cordova-clipboard.Clipboard",
      "file": "plugins/cordova-clipboard/www/clipboard.js",
      "pluginId": "cordova-clipboard",
      "clobbers": [
        "cordova.plugins.clipboard"
      ]
    },
    {
      "id": "cordova-plugin-device.device",
      "file": "plugins/cordova-plugin-device/www/device.js",
      "pluginId": "cordova-plugin-device",
      "clobbers": [
        "device"
      ]
    },
    {
      "id": "cordova-plugin-splashscreen.SplashScreen",
      "file": "plugins/cordova-plugin-splashscreen/www/splashscreen.js",
      "pluginId": "cordova-plugin-splashscreen",
      "clobbers": [
        "navigator.splashscreen"
      ]
    },
    {
      "id": "cordova-plugin-ionic.common",
      "file": "plugins/cordova-plugin-ionic/www/common.js",
      "pluginId": "cordova-plugin-ionic",
      "clobbers": [
        "IonicCordova"
      ],
      "runs": true
    },
    {
      "id": "cordova-plugin-ionic-keyboard.keyboard",
      "file": "plugins/cordova-plugin-ionic-keyboard/www/android/keyboard.js",
      "pluginId": "cordova-plugin-ionic-keyboard",
      "clobbers": [
        "window.Keyboard"
      ]
    },
    {
      "id": "cordova-plugin-qrscanner.QRScanner",
      "file": "plugins/cordova-plugin-qrscanner/www/www.min.js",
      "pluginId": "cordova-plugin-qrscanner",
      "clobbers": [
        "QRScanner"
      ]
    },
    {
      "id": "cordova-sqlite-storage.SQLitePlugin",
      "file": "plugins/cordova-sqlite-storage/www/SQLitePlugin.js",
      "pluginId": "cordova-sqlite-storage",
      "clobbers": [
        "SQLitePlugin"
      ]
    },
    {
      "id": "phonegap-plugin-barcodescanner.BarcodeScanner",
      "file": "plugins/phonegap-plugin-barcodescanner/www/barcodescanner.js",
      "pluginId": "phonegap-plugin-barcodescanner",
      "clobbers": [
        "cordova.plugins.barcodeScanner"
      ]
    },
    {
      "id": "cordova-plugin-camera.Camera",
      "file": "plugins/cordova-plugin-camera/www/CameraConstants.js",
      "pluginId": "cordova-plugin-camera",
      "clobbers": [
        "Camera"
      ]
    },
    {
      "id": "cordova-plugin-camera.CameraPopoverOptions",
      "file": "plugins/cordova-plugin-camera/www/CameraPopoverOptions.js",
      "pluginId": "cordova-plugin-camera",
      "clobbers": [
        "CameraPopoverOptions"
      ]
    },
    {
      "id": "cordova-plugin-camera.camera",
      "file": "plugins/cordova-plugin-camera/www/Camera.js",
      "pluginId": "cordova-plugin-camera",
      "clobbers": [
        "navigator.camera"
      ]
    },
    {
      "id": "cordova-plugin-camera.CameraPopoverHandle",
      "file": "plugins/cordova-plugin-camera/www/CameraPopoverHandle.js",
      "pluginId": "cordova-plugin-camera",
      "clobbers": [
        "CameraPopoverHandle"
      ]
    }
  ],
  "plugin_metadata": {
    "cordova-clipboard": "1.2.1",
    "cordova-plugin-device": "2.0.2",
    "cordova-plugin-splashscreen": "5.0.2",
    "cordova-plugin-ionic": "4.1.7",
    "cordova-plugin-ionic-keyboard": "2.0.5",
    "cordova-plugin-ionic-webview": "1.1.19",
    "cordova-plugin-qrscanner": "2.5.0",
    "cordova-plugin-swift-support": "3.1.1",
    "cordova-plugin-whitelist": "1.3.3",
    "cordova-sqlite-storage": "2.3.1",
    "phonegap-plugin-barcodescanner": "7.1.2",
    "cordova-plugin-camera": "4.0.3"
  }
}